{
  "properties": {
    "connectionReferences": {
      "shared_commondataserviceforapps": {
        "runtimeSource": "embedded",
        "connection": {
          "connectionReferenceLogicalName": "crccb_sharedcommondataserviceforapps_981aa"
        },
        "api": {
          "name": "shared_commondataserviceforapps"
        }
      },
      "shared_teams": {
        "runtimeSource": "invoker",
        "connection": {
          "connectionReferenceLogicalName": "new_sharedteams_2e908"
        },
        "api": {
          "name": "shared_teams"
        }
      }
    },
    "definition": {
      "$schema": "https://schema.management.azure.com/providers/Microsoft.Logic/schemas/2016-06-01/workflowdefinition.json#",
      "contentVersion": "1.0.0.0",
      "parameters": {
        "$connections": {
          "defaultValue": {},
          "type": "Object"
        },
        "$authentication": {
          "defaultValue": {},
          "type": "SecureObject"
        }
      },
      "triggers": {
        "manual": {
          "metadata": {
            "operationMetadataId": "ad840b09-e0a0-4e37-af4e-da3c6beae9c4"
          },
          "type": "Request",
          "kind": "PowerAppV2",
          "inputs": {
            "schema": {
              "type": "object",
              "properties": {
                "text": {
                  "title": "CHI",
                  "type": "string",
                  "x-ms-dynamically-added": true,
                  "description": "Please enter your input",
                  "x-ms-content-hint": "TEXT"
                }
              },
              "required": [
                "text"
              ]
            }
          }
        }
      },
      "actions": {
        "get_patient": {
          "runAfter": {},
          "metadata": {
            "operationMetadataId": "aaea3f8f-7c7e-42b3-80bc-8d55e1a5667e"
          },
          "type": "OpenApiConnection",
          "inputs": {
            "host": {
              "connectionName": "shared_commondataserviceforapps",
              "operationId": "ListRecords",
              "apiId": "/providers/Microsoft.PowerApps/apis/shared_commondataserviceforapps"
            },
            "parameters": {
              "entityName": "cre0a_patients",
              "$filter": "crccb_chi eq '@{triggerBody()['text']}'"
            },
            "authentication": "@parameters('$authentication')"
          }
        },
        "Apply_to_each": {
          "foreach": "@outputs('get_patient')?['body/value']",
          "actions": {
            "get_district": {
              "runAfter": {},
              "metadata": {
                "operationMetadataId": "ba5fed3c-b598-4d54-b2d9-68d055d67074"
              },
              "type": "OpenApiConnection",
              "inputs": {
                "host": {
                  "connectionName": "shared_commondataserviceforapps",
                  "operationId": "GetItem",
                  "apiId": "/providers/Microsoft.PowerApps/apis/shared_commondataserviceforapps"
                },
                "parameters": {
                  "entityName": "cre0a_districts",
                  "recordId": "@items('Apply_to_each')?['_cre0a_district_value']"
                },
                "authentication": "@parameters('$authentication')"
              }
            },
            "Post_adaptive_card_in_a_chat_or_channel": {
              "runAfter": {
                "get_district": [
                  "Succeeded"
                ]
              },
              "metadata": {
                "operationMetadataId": "0fbadff1-d782-4cca-9515-fade09c1f571"
              },
              "type": "OpenApiConnection",
              "inputs": {
                "host": {
                  "connectionName": "shared_teams",
                  "operationId": "PostCardToConversation",
                  "apiId": "/providers/Microsoft.PowerApps/apis/shared_teams"
                },
                "parameters": {
                  "poster": "Flow bot",
                  "location": "Channel",
                  "body/recipient/groupId": "52fa666a-e744-4291-a254-12feb4001685",
                  "body/recipient/channelId": "@outputs('get_district')?['body/cre0a_channelid']",
                  "body/messageBody": "{\n    \"type\": \"AdaptiveCard\",\n    \"body\": [\n        {\n            \"type\": \"TextBlock\",\n            \"size\": \"Medium\",\n            \"weight\": \"Bolder\",\n            \"text\": \"PDD set or changed for: @{items('Apply_to_each')?['cre0a_name']} \"\n        },\n        {\n            \"type\": \"ColumnSet\",\n            \"columns\": [\n                {\n                    \"type\": \"Column\",\n                    \"items\": [\n                        {\n                            \"type\": \"Image\",\n                            \"style\": \"Person\",\n                            \"url\": \"https://www.scot.nhs.uk/wp-content/uploads/2016/03/nhsscotland_logo192-50x50.png\",\n                            \"size\": \"Small\"\n                        }\n                    ],\n                    \"width\": \"auto\"\n                },\n                {\n                    \"type\": \"Column\",\n                    \"items\": [\n                        {\n                            \"type\": \"TextBlock\",\n                            \"weight\": \"Bolder\",\n                            \"text\": \"New PDD\",\n                            \"wrap\": true,\n                            \"color\": \"Good\"\n                        },\n                        {\n                            \"type\": \"TextBlock\",\n                            \"spacing\": \"None\",\n                            \"text\": \"@{items('Apply_to_each')?['cre0a_pdd']}\",\n                            \"isSubtle\": true,\n                            \"wrap\": true\n                        }\n                    ],\n                    \"width\": \"stretch\"\n                }\n            ]\n        },\n        {\n            \"type\": \"TextBlock\",\n            \"text\": \"Acute and Community teams: please review and update data to enable the MDT decision.\",\n            \"wrap\": true,\n            \"weight\": \"Bolder\"\n        },\n        {\n            \"type\": \"FactSet\",\n            \"facts\": [\n                {\n                    \"title\": \"Pathway\",\n                    \"value\": \"@{items('Apply_to_each')?['cre0a_pathway']}\"\n                },\n                {\n                    \"title\": \"Admit Reason\",\n                    \"value\": \"@{items('Apply_to_each')?['cre0a_admitreason']}\"\n                }\n            ]\n        }\n    ],\n    \"actions\": [\n        {\n            \"type\": \"Action.OpenUrl\",\n            \"title\": \"Open DWD App\",\n            \"url\": \"@{outputs('get_district')?['body/crccb_tablink']}\"\n        },\n        {\n            \"type\": \"Action.OpenUrl\",\n            \"title\": \"Jump to Conversation\",\n            \"url\": \"@{items('Apply_to_each')?['cre0a_chatthread']}\"\n        }\n    ],\n    \"$schema\": \"http://adaptivecards.io/schemas/adaptive-card.json\",\n    \"version\": \"1.4\"\n}"
                },
                "authentication": "@parameters('$authentication')"
              }
            }
          },
          "runAfter": {
            "get_patient": [
              "Succeeded"
            ]
          },
          "metadata": {
            "operationMetadataId": "d5c5cea8-378d-4b75-ab27-3ff9f6a27d77"
          },
          "type": "Foreach"
        }
      }
    },
    "templateName": ""
  },
  "schemaVersion": "1.0.0.0"
}