{
  "properties": {
    "connectionReferences": {
      "shared_commondataserviceforapps": {
        "runtimeSource": "embedded",
        "connection": {
          "connectionReferenceLogicalName": "crccb_sharedcommondataserviceforapps_981aa"
        },
        "api": {
          "name": "shared_commondataserviceforapps"
        }
      },
      "shared_excelonlinebusiness": {
        "runtimeSource": "invoker",
        "connection": {
          "connectionReferenceLogicalName": "new_sharedexcelonlinebusiness_e9037"
        },
        "api": {
          "name": "shared_excelonlinebusiness"
        }
      }
    },
    "definition": {
      "$schema": "https://schema.management.azure.com/providers/Microsoft.Logic/schemas/2016-06-01/workflowdefinition.json#",
      "contentVersion": "1.0.0.0",
      "parameters": {
        "$connections": {
          "defaultValue": {},
          "type": "Object"
        },
        "$authentication": {
          "defaultValue": {},
          "type": "SecureObject"
        }
      },
      "triggers": {
        "manual": {
          "metadata": {
            "operationMetadataId": "55bbc89b-86ee-4845-afc4-27515826ed23"
          },
          "type": "Request",
          "kind": "PowerAppV2",
          "inputs": {
            "schema": {
              "type": "object",
              "properties": {
                "text_1": {
                  "title": "CHI",
                  "type": "string",
                  "x-ms-dynamically-added": true,
                  "description": "Please enter your input",
                  "x-ms-content-hint": "TEXT"
                },
                "text": {
                  "title": "PatientID",
                  "type": "string",
                  "x-ms-dynamically-added": true,
                  "description": "Please enter your input",
                  "x-ms-content-hint": "TEXT"
                }
              },
              "required": [
                "text_1",
                "text"
              ]
            }
          }
        }
      },
      "actions": {
        "Get_changed_row": {
          "runAfter": {},
          "metadata": {
            "operationMetadataId": "f2023bb7-915a-433e-95b5-6ee7831818e2"
          },
          "type": "OpenApiConnection",
          "inputs": {
            "host": {
              "connectionName": "shared_commondataserviceforapps",
              "operationId": "GetItem",
              "apiId": "/providers/Microsoft.PowerApps/apis/shared_commondataserviceforapps"
            },
            "parameters": {
              "entityName": "cre0a_patients",
              "recordId": "@triggerBody()['text']"
            },
            "authentication": "@parameters('$authentication')"
          }
        },
        "Add_a_row_into_a_table": {
          "runAfter": {
            "Get_modifying_user": [
              "Succeeded"
            ]
          },
          "metadata": {
            "012I477EUMFFPUFZAP6RCJKY2XQOSP6LCP": "/DWD patients reporting.xlsx",
            "operationMetadataId": "18ac2061-694f-4fff-9562-03190c5413ba",
            "tableId": "{00000000-000C-0000-FFFF-FFFF00000000}"
          },
          "type": "OpenApiConnection",
          "inputs": {
            "host": {
              "connectionName": "shared_excelonlinebusiness",
              "operationId": "AddRowV2",
              "apiId": "/providers/Microsoft.PowerApps/apis/shared_excelonlinebusiness"
            },
            "parameters": {
              "source": "groups/52fa666a-e744-4291-a254-12feb4001685",
              "drive": "b!02E9ViyOw0uINZfts--DINJZC-BBAPBMg4d-L0EZ_RlhtdAK7InJTpeUVRRD20EN",
              "file": "012I477EUMFFPUFZAP6RCJKY2XQOSP6LCP",
              "table": "{00000000-000C-0000-FFFF-FFFF00000000}",
              "item/Name": "@outputs('Get_changed_row')?['body/cre0a_name']",
              "item/CHI": "@outputs('Get_changed_row')?['body/crccb_chi']",
              "item/Admission Date": "@outputs('Get_changed_row')?['body/crccb_admissiondate']",
              "item/Admit Reason": "@outputs('Get_changed_row')?['body/cre0a_admitreason']",
              "item/Patient NOK": "@outputs('Get_changed_row')?['body/cre0a_patientnok']",
              "item/Patient NOK Phone": "@outputs('Get_changed_row')?['body/cre0a_patientnokphone']",
              "item/Post Code": "@outputs('Get_changed_row')?['body/cre0a_postcode']",
              "item/Aggression Concern Detail": "@outputs('Get_changed_row')?['body/cre0a_aggressionconcerndetail']",
              "item/Aggression Concerns": "@outputs('Get_changed_row')?['body/cre0a_aggressionconcerns']",
              "item/AtBat": "@outputs('Get_changed_row')?['body/crccb_atbat']",
              "item/Catheter": "@outputs('Get_changed_row')?['body/cre0a_catheter']",
              "item/Chat Thread": "@outputs('Get_changed_row')?['body/cre0a_chatthread']",
              "item/Cognitive Issue Detail": "@outputs('Get_changed_row')?['body/cre0a_cognitive']",
              "item/Cognitive Scores": "@outputs('Get_changed_row')?['body/cre0a_cognitivescores']",
              "item/Confirm Care Restart": "@outputs('Get_changed_row')?['body/cre0a_confirmcarerestart']",
              "item/Confirm Meds and Support": "@outputs('Get_changed_row')?['body/cre0a_confirmmedsandsupport']",
              "item/Confirm Ready for Discharge": "@outputs('Get_changed_row')?['body/cre0a_confirmreadyfordischarge']",
              "item/Consent": "@outputs('Get_changed_row')?['body/cre0a_consent']",
              "item/CPR": "@outputs('Get_changed_row')?['body/cre0a_cpr']",
              "item/Current Hospital (Lookup)": "@outputs('Get_hospital_name')?['body/cre0a_name']",
              "item/Current Ward (Lookup)": "@outputs('Get_ward_name')?['body/cre0a_name']",
              "item/Decision Capacity": "@outputs('Get_changed_row')?['body/cre0a_decisioncapacity']",
              "item/DHD": "@outputs('Get_changed_row')?['body/cre0a_dhd']",
              "item/District (Lookup)": "@outputs('Get_district_name')?['body/cre0a_name']",
              "item/DMT Decision": "@outputs('Get_changed_row')?['body/cre0a_dmtdecision']",
              "item/DMT Summary": "@outputs('Get_changed_row')?['body/cre0a_dmtsummary']",
              "item/EOL Wishes": "@outputs('Get_changed_row')?['body/crccb_eolwishes']",
              "item/Equipment": "@outputs('Get_changed_row')?['body/cre0a_homeequipment']",
              "item/Equipment List": "@outputs('Get_changed_row')?['body/crccb_equipmentlist']",
              "item/Equipment Ordered": "@outputs('Get_changed_row')?['body/crccb_equipmentordered']",
              "item/Equipment Provided": "@outputs('Get_changed_row')?['body/crccb_equipmentprovided']",
              "item/Existing Care Package": "@outputs('Get_changed_row')?['body/cre0a_existingcarepackage']",
              "item/Fall Risk Reason": "@outputs('Get_changed_row')?['body/cre0a_fallriskreason']",
              "item/Falls Risk": "@outputs('Get_changed_row')?['body/cre0a_fallsrisk']",
              "item/Home food": "@outputs('Get_changed_row')?['body/cre0a_homefood']",
              "item/Home food detail": "@outputs('Get_changed_row')?['body/cre0a_homefooddetail']",
              "item/Home meds": "@outputs('Get_changed_row')?['body/cre0a_homemeds']",
              "item/Home meds support": "@outputs('Get_changed_row')?['body/cre0a_homemedssupport']",
              "item/Home Support": "@outputs('Get_changed_row')?['body/cre0a_homesupport']",
              "item/Infection Control Risk": "@outputs('Get_changed_row')?['body/cre0a_infectioncontrolrisk']",
              "item/Infection Risk Detail": "@outputs('Get_changed_row')?['body/cre0a_infectionriskdetail']",
              "item/Informal Support Detail": "@outputs('Get_changed_row')?['body/cre0a_homecarer']",
              "item/Integrated Team Caseload": "@outputs('Get_changed_row')?['body/cre0a_integratedteamcaseload']",
              "item/Just in Case Meds": "@outputs('Get_changed_row')?['body/cre0a_justincasemeds']",
              "item/Known Cognitive Issues": "@outputs('Get_changed_row')?['body/cre0a_knowncognitiveissues']",
              "item/Known to Community": "@outputs('Get_changed_row')?['body/cre0a_knowntocommunity']",
              "item/Legal Proxy Contact": "@outputs('Get_changed_row')?['body/cre0a_legalproxycontact']",
              "item/Life Expectancy": "@outputs('Get_changed_row')?['body/cre0a_lifeexpectancy']",
              "item/Meds Support Detail": "@outputs('Get_changed_row')?['body/cre0a_medssupport']",
              "item/Mobility Aids Used": "@outputs('Get_changed_row')?['body/cre0a_mobilityaidsused']",
              "item/Mobility Level": "@outputs('Get_changed_row')?['body/cre0a_mobility']",
              "item/Named Lead in Community": "@outputs('Get_changed_row')?['body/cre0a_assignedcommlead']",
              "item/Overnight Needs": "@outputs('Get_changed_row')?['body/cre0a_overnightneeds']",
              "item/Package Funding": "@outputs('Get_changed_row')?['body/cre0a_packagefunding']",
              "item/Palliative Awareness": "@outputs('Get_changed_row')?['body/cre0a_palliativeawareness']",
              "item/Palliative Plan Updated": "@outputs('Get_changed_row')?['body/cre0a_palliativeplanupdated']",
              "item/Pathway": "@outputs('Get_changed_row')?['body/cre0a_pathway']",
              "item/PDD": "@outputs('Get_changed_row')?['body/cre0a_pdd']",
              "item/Planned Transport Time": "@outputs('Get_changed_row')?['body/cre0a_plannedtransporttime']",
              "item/POA": "@outputs('Get_changed_row')?['body/cre0a_poa']",
              "item/Rehabilitation Goals": "@outputs('Get_changed_row')?['body/cre0a_rehabilitationgoals']",
              "item/S47 AWI": "@outputs('Get_changed_row')?['body/cre0a_s47awi']",
              "item/S47 AWI Expiry": "@outputs('Get_changed_row')?['body/cre0a_s47awiexpiry']",
              "item/Scheduled Meds": "@outputs('Get_changed_row')?['body/cre0a_scheduledmeds']",
              "item/SHOOF Arranged": "@outputs('Get_changed_row')?['body/cre0a_shoofarranged']",
              "item/Syringe Driver": "@outputs('Get_changed_row')?['body/cre0a_syringedriver']",
              "item/Toilet Support": "@outputs('Get_changed_row')?['body/crccb_toiletsupport']",
              "item/Toileting": "@outputs('Get_changed_row')?['body/cre0a_toileting']",
              "item/Transfer Aids": "@outputs('Get_changed_row')?['body/cre0a_transferaids']",
              "item/Transfers": "@outputs('Get_changed_row')?['body/cre0a_transfers']",
              "item/Viable Discharge Date": "@outputs('Get_changed_row')?['body/cre0a_viabledischargedate']",
              "item/Which caseloads": "@outputs('Get_changed_row')?['body/crccb_whichcaseloads']",
              "item/Wound Care": "@outputs('Get_changed_row')?['body/cre0a_woundcare']",
              "item/Ongoing Medical Needs": "@outputs('Get_changed_row')?['body/crccb_ongoingmedical']",
              "item/Ongoing Details": "@outputs('Get_changed_row')?['body/crccb_ongoingmedicaldetail']",
              "item/Created On": "@outputs('Get_district_name')?['body/createdon']",
              "item/Modified By (Lookup)": "@outputs('Get_modifying_user')?['body/internalemailaddress']",
              "item/Modified On": "@outputs('Get_district_name')?['body/modifiedon']"
            },
            "authentication": "@parameters('$authentication')"
          }
        },
        "Get_hospital_name": {
          "runAfter": {
            "Get_changed_row": [
              "Succeeded"
            ]
          },
          "metadata": {
            "operationMetadataId": "7dd04293-0fd1-4ef6-a704-f3597c19b577"
          },
          "type": "OpenApiConnection",
          "inputs": {
            "host": {
              "connectionName": "shared_commondataserviceforapps",
              "operationId": "GetItem",
              "apiId": "/providers/Microsoft.PowerApps/apis/shared_commondataserviceforapps"
            },
            "parameters": {
              "entityName": "cre0a_hospitals",
              "recordId": "@outputs('Get_changed_row')?['body/_cre0a_currenthospital_value']"
            },
            "authentication": "@parameters('$authentication')"
          }
        },
        "Get_ward_name": {
          "runAfter": {
            "Get_hospital_name": [
              "Succeeded"
            ]
          },
          "metadata": {
            "operationMetadataId": "84dd6a39-7742-48c7-84df-d140fd527a6e"
          },
          "type": "OpenApiConnection",
          "inputs": {
            "host": {
              "connectionName": "shared_commondataserviceforapps",
              "operationId": "GetItem",
              "apiId": "/providers/Microsoft.PowerApps/apis/shared_commondataserviceforapps"
            },
            "parameters": {
              "entityName": "cre0a_wards",
              "recordId": "@outputs('Get_changed_row')?['body/_cre0a_currentward_value']"
            },
            "authentication": "@parameters('$authentication')"
          }
        },
        "Get_district_name": {
          "runAfter": {
            "Get_ward_name": [
              "Succeeded"
            ]
          },
          "metadata": {
            "operationMetadataId": "38621be8-f516-4a97-b586-2ba337c46db1"
          },
          "type": "OpenApiConnection",
          "inputs": {
            "host": {
              "connectionName": "shared_commondataserviceforapps",
              "operationId": "GetItem",
              "apiId": "/providers/Microsoft.PowerApps/apis/shared_commondataserviceforapps"
            },
            "parameters": {
              "entityName": "cre0a_districts",
              "recordId": "@outputs('Get_changed_row')?['body/_cre0a_district_value']"
            },
            "authentication": "@parameters('$authentication')"
          }
        },
        "Get_modifying_user": {
          "runAfter": {
            "Get_district_name": [
              "Succeeded"
            ]
          },
          "metadata": {
            "operationMetadataId": "b6486127-560f-4e94-924e-e3f1f3300b75"
          },
          "type": "OpenApiConnection",
          "inputs": {
            "host": {
              "connectionName": "shared_commondataserviceforapps",
              "operationId": "GetItem",
              "apiId": "/providers/Microsoft.PowerApps/apis/shared_commondataserviceforapps"
            },
            "parameters": {
              "entityName": "systemusers",
              "recordId": "@outputs('Get_district_name')?['body/_modifiedby_value']"
            },
            "authentication": "@parameters('$authentication')"
          }
        }
      }
    },
    "templateName": ""
  },
  "schemaVersion": "1.0.0.0"
}