{"name":"a3052148-4410-4bcc-8289-c8e3c18526cc","id":"/providers/Microsoft.Flow/flows/a3052148-4410-4bcc-8289-c8e3c18526cc","type":"Microsoft.Flow/flows","properties":{"apiId":"/providers/Microsoft.PowerApps/apis/shared_logicflows","displayName":"Daily check, 3 day to PDD","definition":{"metadata":{"workflowEntityId":null,"processAdvisorMetadata":null,"flowclientsuspensionreason":"None","flowclientsuspensiontime":null,"flowclientsuspensionreasondetails":null,"creator":{"id":"a45915e9-a502-488e-983a-7d9056ea371f","type":"User","tenantId":"c1cea889-a105-46e2-9be1-754043d7c84f"},"provisioningMethod":"FromDefinition","failureAlertSubscription":true,"clientLastModifiedTime":"2023-03-04T16:23:08.7992138Z"},"$schema":"https://schema.management.azure.com/providers/Microsoft.Logic/schemas/2016-06-01/workflowdefinition.json#","contentVersion":"1.0.0.0","parameters":{"$connections":{"defaultValue":{},"type":"Object"},"$authentication":{"defaultValue":{},"type":"SecureObject"}},"triggers":{"Recurrence":{"recurrence":{"frequency":"Day","interval":1,"startTime":"2023-02-26T08:00:00.000Z"},"metadata":{"operationMetadataId":"be060519-193a-46fe-9f3a-a3d62bd2d00a"},"type":"Recurrence"}},"actions":{"get_patients_PDD_in_3_days":{"runAfter":{},"metadata":{"operationMetadataId":"cd0bc31f-baac-4738-94d5-5873580627e8"},"type":"OpenApiConnection","inputs":{"host":{"apiId":"/providers/Microsoft.PowerApps/apis/shared_commondataserviceforapps","connectionName":"shared_commondataserviceforapps","operationId":"ListRecords"},"parameters":{"entityName":"cre0a_patients","$filter":"cre0a_pdd ge '@{addDays(utcNow(),3,'yyyy-MM-ddTHH:mm:ssZ')}' and cre0a_pdd lt '@{addDays(utcNow(),4,'yyyy-MM-ddTHH:mm:ssZ')}'\n","$orderby":"cre0a_pdd"},"authentication":"@parameters('$authentication')"}},"post_alerts_in_channels":{"foreach":"@outputs('get_patients_PDD_in_3_days')?['body/value']","actions":{"get_district":{"runAfter":{},"metadata":{"operationMetadataId":"7ac39039-12cd-48b1-8264-6b1bd6a3ec8a"},"type":"OpenApiConnection","inputs":{"host":{"apiId":"/providers/Microsoft.PowerApps/apis/shared_commondataserviceforapps","connectionName":"shared_commondataserviceforapps","operationId":"ListRecords"},"parameters":{"entityName":"cre0a_districts","$filter":"cre0a_districtid eq '@{items('post_alerts_in_channels')?['_cre0a_district_value']}'"},"authentication":"@parameters('$authentication')"}},"post_in_district_channel":{"foreach":"@outputs('get_district')?['body/value']","actions":{"Post_adaptive_card_in_a_chat_or_channel":{"runAfter":{},"metadata":{"operationMetadataId":"dfc519e4-c711-4a51-a33b-793593b27a59"},"type":"OpenApiConnection","inputs":{"host":{"apiId":"/providers/Microsoft.PowerApps/apis/shared_teams","connectionName":"shared_teams","operationId":"PostCardToConversation"},"parameters":{"poster":"Flow bot","location":"Channel","body/recipient/groupId":"52fa666a-e744-4291-a254-12feb4001685","body/recipient/channelId":"@items('post_in_district_channel')?['cre0a_channelid']","body/messageBody":"{\n    \"type\": \"AdaptiveCard\",\n    \"body\": [\n        {\n            \"type\": \"TextBlock\",\n            \"size\": \"Medium\",\n            \"weight\": \"Bolder\",\n            \"text\": \"Alert: @{items('post_alerts_in_channels')?['cre0a_name']} @{items('post_alerts_in_channels')?['crccb_chi']}\"\n        },\n        {\n            \"type\": \"ColumnSet\",\n            \"columns\": [\n                {\n                    \"type\": \"Column\",\n                    \"items\": [\n                        {\n                            \"type\": \"Image\",\n                            \"style\": \"Person\",\n                            \"url\": \"https://m365x041811.sharepoint.com/SiteAssets/__sitelogo__NHS_Scotland.jpg\",\n                            \"size\": \"Small\"\n                        }\n                    ],\n                    \"width\": \"auto\"\n                },\n                {\n                    \"type\": \"Column\",\n                    \"items\": [\n                        {\n                            \"type\": \"TextBlock\",\n                            \"weight\": \"Bolder\",\n                            \"text\": \"Please complete Acute info 3 days before\",\n                            \"wrap\": true,\n                            \"color\": \"Attention\"\n                        },\n                        {\n                            \"type\": \"TextBlock\",\n                            \"spacing\": \"None\",\n                            \"text\": \"@{items('post_alerts_in_channels')?['cre0a_pdd']}\",\n                            \"isSubtle\": true,\n                            \"wrap\": true\n                        }\n                    ],\n                    \"width\": \"stretch\"\n                }\n            ]\n        },\n        {\n            \"type\": \"FactSet\",\n            \"facts\": [\n                {\n                    \"title\": \"Hospital and Ward\",\n                    \"value\": \"@{outputs('get_hospital')?['body/cre0a_name']}, Ward @{outputs('get_ward')?['body/cre0a_name']}\"\n                },\n                {\n                    \"title\": \"Consultant\",\n                    \"value\": \"@{outputs('get_consultant')?['body/displayName']}\"\n                }\n            ]\n        }\n    ],\n    \"actions\": [\n        {\n            \"type\": \"Action.OpenUrl\",\n            \"title\": \"Open Discharge App\",\n            \"url\": \"@{items('post_in_district_channel')?['crccb_tablink']}\"\n        }\n    ],\n    \"$schema\": \"http://adaptivecards.io/schemas/adaptive-card.json\",\n    \"version\": \"1.4\"\n}"},"authentication":"@parameters('$authentication')"}}},"runAfter":{"get_consultant":["Succeeded"]},"metadata":{"operationMetadataId":"b10401b0-0aaf-4366-8af8-ebd1a9d74829"},"type":"Foreach"},"get_hospital":{"runAfter":{"get_district":["Succeeded"]},"metadata":{"operationMetadataId":"0465e808-8826-4767-bc67-aaec49c6cb56"},"type":"OpenApiConnection","inputs":{"host":{"apiId":"/providers/Microsoft.PowerApps/apis/shared_commondataserviceforapps","connectionName":"shared_commondataserviceforapps","operationId":"GetItem"},"parameters":{"entityName":"cre0a_hospitals","recordId":"@items('post_alerts_in_channels')?['_cre0a_currenthospital_value']"},"authentication":"@parameters('$authentication')"}},"get_ward":{"runAfter":{"get_hospital":["Succeeded"]},"metadata":{"operationMetadataId":"6c5f33d7-3a9f-40e0-8023-7a79e6a1c372"},"type":"OpenApiConnection","inputs":{"host":{"apiId":"/providers/Microsoft.PowerApps/apis/shared_commondataserviceforapps","connectionName":"shared_commondataserviceforapps","operationId":"GetItem"},"parameters":{"entityName":"cre0a_wards","recordId":"@items('post_alerts_in_channels')?['_cre0a_currentward_value']"},"authentication":"@parameters('$authentication')"}},"get_consultant":{"runAfter":{"get_ward":["Succeeded"]},"metadata":{"operationMetadataId":"406925c1-b413-4f71-ad5b-793e2d13f953"},"type":"OpenApiConnection","inputs":{"host":{"apiId":"/providers/Microsoft.PowerApps/apis/shared_office365users","connectionName":"shared_office365users","operationId":"UserProfile_V2"},"parameters":{"id":"@items('post_alerts_in_channels')?['_cre0a_consultant_value']"},"authentication":"@parameters('$authentication')"}}},"runAfter":{"get_patients_PDD_in_3_days":["Succeeded"]},"metadata":{"operationMetadataId":"2062e1b2-af95-4b86-b923-d7ed1a70d7ed"},"type":"Foreach"}}},"connectionReferences":{"shared_commondataserviceforapps":{"connectionName":"9c24e08bbb884b3dab78ea2158a2bf8a","source":"Embedded","id":"/providers/Microsoft.PowerApps/apis/shared_commondataserviceforapps","tier":"NotSpecified"},"shared_teams":{"connectionName":"7ead67ea33c548289071addbb1b697b6","source":"Embedded","id":"/providers/Microsoft.PowerApps/apis/shared_teams","tier":"NotSpecified"},"shared_office365users":{"connectionName":"a0ba10ef4bd8401bb089c1951d7c9ff8","source":"Embedded","id":"/providers/Microsoft.PowerApps/apis/shared_office365users","tier":"NotSpecified"}},"flowFailureAlertSubscribed":false,"isManaged":false}}