{
  "properties": {
    "connectionReferences": {
      "shared_commondataserviceforapps": {
        "runtimeSource": "embedded",
        "connection": {
          "connectionReferenceLogicalName": "crccb_sharedcommondataserviceforapps_981aa"
        },
        "api": {
          "name": "shared_commondataserviceforapps"
        }
      },
      "shared_teams": {
        "runtimeSource": "invoker",
        "connection": {
          "connectionReferenceLogicalName": "new_sharedteams_2e908"
        },
        "api": {
          "name": "shared_teams"
        }
      }
    },
    "definition": {
      "$schema": "https://schema.management.azure.com/providers/Microsoft.Logic/schemas/2016-06-01/workflowdefinition.json#",
      "contentVersion": "1.0.0.0",
      "parameters": {
        "$connections": {
          "defaultValue": {},
          "type": "Object"
        },
        "$authentication": {
          "defaultValue": {},
          "type": "SecureObject"
        }
      },
      "triggers": {
        "manual": {
          "metadata": {
            "operationMetadataId": "17ed12ac-0dd8-454c-a1c1-ecdaa33349ec"
          },
          "type": "Request",
          "kind": "PowerAppV2",
          "inputs": {
            "schema": {
              "type": "object",
              "properties": {
                "text": {
                  "title": "CHI",
                  "type": "string",
                  "x-ms-dynamically-added": true,
                  "description": "Please enter your input",
                  "x-ms-content-hint": "TEXT"
                }
              },
              "required": [
                "text"
              ]
            }
          }
        }
      },
      "actions": {
        "get_patient": {
          "runAfter": {},
          "metadata": {
            "operationMetadataId": "c05e063e-10a7-4bd8-9df4-d8ff3f8f5625"
          },
          "type": "OpenApiConnection",
          "inputs": {
            "host": {
              "connectionName": "shared_commondataserviceforapps",
              "operationId": "ListRecords",
              "apiId": "/providers/Microsoft.PowerApps/apis/shared_commondataserviceforapps"
            },
            "parameters": {
              "entityName": "cre0a_patients",
              "$filter": "crccb_chi eq '@{triggerBody()['text']}'"
            },
            "authentication": "@parameters('$authentication')"
          }
        },
        "Apply_to_each": {
          "foreach": "@outputs('get_patient')?['body/value']",
          "actions": {
            "get_district": {
              "runAfter": {},
              "metadata": {
                "operationMetadataId": "63f9519d-75f0-4fe7-8041-becbcc7739fc"
              },
              "type": "OpenApiConnection",
              "inputs": {
                "host": {
                  "connectionName": "shared_commondataserviceforapps",
                  "operationId": "GetItem",
                  "apiId": "/providers/Microsoft.PowerApps/apis/shared_commondataserviceforapps"
                },
                "parameters": {
                  "entityName": "cre0a_districts",
                  "recordId": "@items('Apply_to_each')?['_cre0a_district_value']"
                },
                "authentication": "@parameters('$authentication')"
              }
            },
            "get_ward": {
              "runAfter": {
                "get_district": [
                  "Succeeded"
                ]
              },
              "metadata": {
                "operationMetadataId": "dbb81308-8444-402d-9be0-f69aee79f9a4"
              },
              "type": "OpenApiConnection",
              "inputs": {
                "host": {
                  "connectionName": "shared_commondataserviceforapps",
                  "operationId": "GetItem",
                  "apiId": "/providers/Microsoft.PowerApps/apis/shared_commondataserviceforapps"
                },
                "parameters": {
                  "entityName": "cre0a_wards",
                  "recordId": "@items('Apply_to_each')?['_cre0a_currentward_value']"
                },
                "authentication": "@parameters('$authentication')"
              }
            },
            "get_hospital": {
              "runAfter": {
                "get_ward": [
                  "Succeeded"
                ]
              },
              "metadata": {
                "operationMetadataId": "531b503b-8071-411c-985b-db8c8c8f4bb0"
              },
              "type": "OpenApiConnection",
              "inputs": {
                "host": {
                  "connectionName": "shared_commondataserviceforapps",
                  "operationId": "GetItem",
                  "apiId": "/providers/Microsoft.PowerApps/apis/shared_commondataserviceforapps"
                },
                "parameters": {
                  "entityName": "cre0a_hospitals",
                  "recordId": "@items('Apply_to_each')?['_cre0a_currenthospital_value']"
                },
                "authentication": "@parameters('$authentication')"
              }
            },
            "add_to_thread": {
              "runAfter": {
                "notify_hospital": [
                  "Succeeded"
                ]
              },
              "metadata": {
                "operationMetadataId": "26956ca5-1e92-40d6-96a3-88bbc7e93c67"
              },
              "type": "OpenApiConnection",
              "inputs": {
                "host": {
                  "connectionName": "shared_teams",
                  "operationId": "ReplyWithCardToConversation",
                  "apiId": "/providers/Microsoft.PowerApps/apis/shared_teams"
                },
                "parameters": {
                  "poster": "Flow bot",
                  "location": "Channel",
                  "body/parentMessageId": "@items('Apply_to_each')?['crccb_messageid']",
                  "body/recipient/groupId": "52fa666a-e744-4291-a254-12feb4001685",
                  "body/recipient/channelId": "@outputs('get_district')?['body/cre0a_channelid']",
                  "body/messageBody": "{\n    \"type\": \"AdaptiveCard\",\n    \"body\": [\n        {\n            \"type\": \"TextBlock\",\n            \"size\": \"Medium\",\n            \"weight\": \"Bolder\",\n            \"text\": \"DMT Decision for: @{items('Apply_to_each')?['cre0a_name']} \"\n        },\n        {\n            \"type\": \"ColumnSet\",\n            \"columns\": [\n                {\n                    \"type\": \"Column\",\n                    \"items\": [\n                        {\n                            \"type\": \"Image\",\n                            \"style\": \"Person\",\n                            \"url\": \"https://www.scot.nhs.uk/wp-content/uploads/2016/03/nhsscotland_logo192.png\",\n                            \"size\": \"Small\"\n                        }\n                    ],\n                    \"width\": \"auto\"\n                },\n                {\n                    \"type\": \"Column\",\n                    \"items\": [\n                        {\n                            \"type\": \"TextBlock\",\n                            \"weight\": \"Bolder\",\n                            \"text\": \"DMT Summary:\",\n                            \"wrap\": true,\n                            \"color\": \"Good\"\n                        },\n                        {\n                            \"type\": \"TextBlock\",\n                            \"spacing\": \"None\",\n                            \"text\": \"@{items('Apply_to_each')?['cre0a_dmtsummary']}\",\n                            \"isSubtle\": true,\n                            \"wrap\": true\n                        }\n                    ],\n                    \"width\": \"stretch\"\n                }\n            ]\n        },\n        {\n            \"type\": \"TextBlock\",\n            \"text\": \"Acute team: please review.\",\n            \"wrap\": true,\n            \"weight\": \"Bolder\"\n        },\n        {\n            \"type\": \"FactSet\",\n            \"facts\": [\n                {\n                    \"title\": \"Pathway\",\n                    \"value\": \"@{items('Apply_to_each')?['cre0a_pathway']}\"\n                },\n                {\n                    \"title\": \"Ward\",\n                    \"value\": \"@{outputs('get_ward')?['body/cre0a_name']}\"\n                }\n            ]\n        }\n    ],\n    \"actions\": [\n        {\n            \"type\": \"Action.OpenUrl\",\n            \"title\": \"Open DWD App\",\n            \"url\": \"@{outputs('get_district')?['body/crccb_tablink']}\"\n        }\n    ],\n    \"$schema\": \"http://adaptivecards.io/schemas/adaptive-card.json\",\n    \"version\": \"1.4\"\n}"
                },
                "authentication": "@parameters('$authentication')"
              }
            },
            "notify_hospital": {
              "runAfter": {
                "get_hospital": [
                  "Succeeded"
                ]
              },
              "metadata": {
                "operationMetadataId": "1540427e-aa66-44f9-8740-15eec43435fa"
              },
              "type": "OpenApiConnection",
              "inputs": {
                "host": {
                  "connectionName": "shared_teams",
                  "operationId": "PostCardToConversation",
                  "apiId": "/providers/Microsoft.PowerApps/apis/shared_teams"
                },
                "parameters": {
                  "poster": "Flow bot",
                  "location": "Channel",
                  "body/recipient/groupId": "52fa666a-e744-4291-a254-12feb4001685",
                  "body/recipient/channelId": "@outputs('get_hospital')?['body/crccb_channelid']",
                  "body/messageBody": "{\n    \"type\": \"AdaptiveCard\",\n    \"body\": [\n        {\n            \"type\": \"TextBlock\",\n            \"size\": \"Medium\",\n            \"weight\": \"Bolder\",\n            \"text\": \"DMT Decision for: @{items('Apply_to_each')?['cre0a_name']} \"\n        },\n        {\n            \"type\": \"ColumnSet\",\n            \"columns\": [\n                {\n                    \"type\": \"Column\",\n                    \"items\": [\n                        {\n                            \"type\": \"Image\",\n                            \"style\": \"Person\",\n                            \"url\": \"https://www.scot.nhs.uk/wp-content/uploads/2016/03/nhsscotland_logo192.png\",\n                            \"size\": \"Small\"\n                        }\n                    ],\n                    \"width\": \"auto\"\n                },\n                {\n                    \"type\": \"Column\",\n                    \"items\": [\n                        {\n                            \"type\": \"TextBlock\",\n                            \"weight\": \"Bolder\",\n                            \"text\": \"DMT Summary:\",\n                            \"wrap\": true,\n                            \"color\": \"Good\"\n                        },\n                        {\n                            \"type\": \"TextBlock\",\n                            \"spacing\": \"None\",\n                            \"text\": \"@{items('Apply_to_each')?['cre0a_dmtsummary']}\",\n                            \"isSubtle\": true,\n                            \"wrap\": true\n                        }\n                    ],\n                    \"width\": \"stretch\"\n                }\n            ]\n        },\n        {\n            \"type\": \"TextBlock\",\n            \"text\": \"Acute team: please review.\",\n            \"wrap\": true,\n            \"weight\": \"Bolder\"\n        },\n        {\n            \"type\": \"FactSet\",\n            \"facts\": [\n                {\n                    \"title\": \"Pathway\",\n                    \"value\": \"@{items('Apply_to_each')?['cre0a_pathway']}\"\n                },\n                {\n                    \"title\": \"Ward\",\n                    \"value\": \"@{outputs('get_ward')?['body/cre0a_name']}\"\n                }\n            ]\n        }\n    ],\n    \"actions\": [\n        {\n            \"type\": \"Action.OpenUrl\",\n            \"title\": \"Open DWD App\",\n            \"url\": \"@{outputs('get_district')?['body/crccb_tablink']}\"\n        },\n        {\n            \"type\": \"Action.OpenUrl\",\n            \"title\": \"Jump to Conversation\",\n            \"url\": \"@{items('Apply_to_each')?['cre0a_chatthread']}\"\n        }\n    ],\n    \"$schema\": \"http://adaptivecards.io/schemas/adaptive-card.json\",\n    \"version\": \"1.4\"\n}"
                },
                "authentication": "@parameters('$authentication')"
              }
            }
          },
          "runAfter": {
            "get_patient": [
              "Succeeded"
            ]
          },
          "metadata": {
            "operationMetadataId": "5ff5fb18-e57a-4315-b24a-9dbd91ec5dd8"
          },
          "type": "Foreach"
        }
      }
    },
    "templateName": ""
  },
  "schemaVersion": "1.0.0.0"
}