{
  "properties": {
    "connectionReferences": {
      "shared_commondataserviceforapps": {
        "runtimeSource": "embedded",
        "connection": {
          "connectionReferenceLogicalName": "crccb_sharedcommondataserviceforapps_981aa"
        },
        "api": {
          "name": "shared_commondataserviceforapps"
        }
      }
    },
    "definition": {
      "$schema": "https://schema.management.azure.com/providers/Microsoft.Logic/schemas/2016-06-01/workflowdefinition.json#",
      "contentVersion": "1.0.0.0",
      "parameters": {
        "$connections": {
          "defaultValue": {},
          "type": "Object"
        },
        "$authentication": {
          "defaultValue": {},
          "type": "SecureObject"
        }
      },
      "triggers": {
        "manual": {
          "metadata": {
            "operationMetadataId": "55bbc89b-86ee-4845-afc4-27515826ed23"
          },
          "type": "Request",
          "kind": "PowerAppV2",
          "inputs": {
            "schema": {
              "type": "object",
              "properties": {
                "text_1": {
                  "title": "CHI",
                  "type": "string",
                  "x-ms-dynamically-added": true,
                  "description": "Please enter your input",
                  "x-ms-content-hint": "TEXT"
                },
                "text": {
                  "title": "PatientID",
                  "type": "string",
                  "x-ms-dynamically-added": true,
                  "description": "Please enter your input",
                  "x-ms-content-hint": "TEXT"
                }
              },
              "required": [
                "text_1",
                "text"
              ]
            }
          }
        }
      },
      "actions": {
        "Get_changed_row": {
          "runAfter": {},
          "metadata": {
            "operationMetadataId": "f2023bb7-915a-433e-95b5-6ee7831818e2"
          },
          "type": "OpenApiConnection",
          "inputs": {
            "host": {
              "connectionName": "shared_commondataserviceforapps",
              "operationId": "GetItem",
              "apiId": "/providers/Microsoft.PowerApps/apis/shared_commondataserviceforapps"
            },
            "parameters": {
              "entityName": "cre0a_patients",
              "recordId": "@triggerBody()['text']"
            },
            "authentication": "@parameters('$authentication')"
          }
        },
        "Get_hospital_name": {
          "runAfter": {
            "Get_changed_row": [
              "Succeeded"
            ]
          },
          "metadata": {
            "operationMetadataId": "7dd04293-0fd1-4ef6-a704-f3597c19b577"
          },
          "type": "OpenApiConnection",
          "inputs": {
            "host": {
              "connectionName": "shared_commondataserviceforapps",
              "operationId": "GetItem",
              "apiId": "/providers/Microsoft.PowerApps/apis/shared_commondataserviceforapps"
            },
            "parameters": {
              "entityName": "cre0a_hospitals",
              "recordId": "@outputs('Get_changed_row')?['body/_cre0a_currenthospital_value']"
            },
            "authentication": "@parameters('$authentication')"
          }
        },
        "Get_ward_name": {
          "runAfter": {
            "Get_hospital_name": [
              "Succeeded"
            ]
          },
          "metadata": {
            "operationMetadataId": "84dd6a39-7742-48c7-84df-d140fd527a6e"
          },
          "type": "OpenApiConnection",
          "inputs": {
            "host": {
              "connectionName": "shared_commondataserviceforapps",
              "operationId": "GetItem",
              "apiId": "/providers/Microsoft.PowerApps/apis/shared_commondataserviceforapps"
            },
            "parameters": {
              "entityName": "cre0a_wards",
              "recordId": "@outputs('Get_changed_row')?['body/_cre0a_currentward_value']"
            },
            "authentication": "@parameters('$authentication')"
          }
        },
        "Get_district_name": {
          "runAfter": {
            "Get_ward_name": [
              "Succeeded"
            ]
          },
          "metadata": {
            "operationMetadataId": "38621be8-f516-4a97-b586-2ba337c46db1"
          },
          "type": "OpenApiConnection",
          "inputs": {
            "host": {
              "connectionName": "shared_commondataserviceforapps",
              "operationId": "GetItem",
              "apiId": "/providers/Microsoft.PowerApps/apis/shared_commondataserviceforapps"
            },
            "parameters": {
              "entityName": "cre0a_districts",
              "recordId": "@outputs('Get_changed_row')?['body/_cre0a_district_value']"
            },
            "authentication": "@parameters('$authentication')"
          }
        },
        "Get_modifying_user": {
          "runAfter": {
            "Get_district_name": [
              "Succeeded"
            ]
          },
          "metadata": {
            "operationMetadataId": "b6486127-560f-4e94-924e-e3f1f3300b75"
          },
          "type": "OpenApiConnection",
          "inputs": {
            "host": {
              "connectionName": "shared_commondataserviceforapps",
              "operationId": "GetItem",
              "apiId": "/providers/Microsoft.PowerApps/apis/shared_commondataserviceforapps"
            },
            "parameters": {
              "entityName": "systemusers",
              "recordId": "@outputs('Get_district_name')?['body/_modifiedby_value']"
            },
            "authentication": "@parameters('$authentication')"
          }
        },
        "Add_a_new_row": {
          "runAfter": {
            "Get_modifying_user": [
              "Succeeded"
            ]
          },
          "metadata": {
            "operationMetadataId": "faeb82c5-0099-4703-bb59-e630ca8999fe"
          },
          "type": "OpenApiConnection",
          "inputs": {
            "host": {
              "connectionName": "shared_commondataserviceforapps",
              "operationId": "CreateRecord",
              "apiId": "/providers/Microsoft.PowerApps/apis/shared_commondataserviceforapps"
            },
            "parameters": {
              "entityName": "cre0a_dwdaudits",
              "item/cre0a_name": "@outputs('Get_changed_row')?['body/crccb_chi']",
              "item/crccb_admissiondate": "@outputs('Get_changed_row')?['body/crccb_admissiondate']",
              "item/crccb_admitreason": "@outputs('Get_changed_row')?['body/cre0a_admitreason']",
              "item/crccb_aggressionconcerndetail": "@outputs('Get_changed_row')?['body/cre0a_aggressionconcerndetail']",
              "item/crccb_aggressionconcerns": "@outputs('Get_changed_row')?['body/cre0a_aggressionconcerns']",
              "item/crccb_atbat": "@outputs('Get_changed_row')?['body/crccb_atbat']",
              "item/crccb_cathetertext": "@outputs('Get_changed_row')?['body/cre0a_catheter@OData.Community.Display.V1.FormattedValue']",
              "item/crccb_cognitiveissuedetail": "@outputs('Get_changed_row')?['body/cre0a_cognitive']",
              "item/crccb_cognitivescores": "@outputs('Get_changed_row')?['body/cre0a_cognitivescores']",
              "item/crccb_confirmcarereadiness": "@outputs('Get_changed_row')?['body/cre0a_confirmcommunityreadiness']",
              "item/crccb_confirmcarerestart": "@outputs('Get_changed_row')?['body/cre0a_confirmcarerestart']",
              "item/crccb_confirmcommunityreadiness": "@outputs('Get_changed_row')?['body/cre0a_confirmcommunityreadiness']",
              "item/crccb_confirmmedsandsupport": "@outputs('Get_changed_row')?['body/cre0a_confirmmedsandsupport']",
              "item/crccb_confirmreadyfordischarge": "@outputs('Get_changed_row')?['body/cre0a_confirmreadyfordischarge']",
              "item/crccb_consent": "@outputs('Get_changed_row')?['body/cre0a_consent']",
              "item/crccb_cpr": "@outputs('Get_changed_row')?['body/cre0a_cpr']",
              "item/crccb_currenthospital": "@outputs('Get_hospital_name')?['body/cre0a_name']",
              "item/crccb_currentward": "@outputs('Get_ward_name')?['body/cre0a_name']",
              "item/crccb_decisioncapacity": "@outputs('Get_changed_row')?['body/cre0a_decisioncapacity']",
              "item/crccb_dhd": "@outputs('Get_changed_row')?['body/cre0a_dhd']",
              "item/crccb_district": "@outputs('Get_district_name')?['body/cre0a_name']",
              "item/crccb_dmtdecision": "@outputs('Get_changed_row')?['body/cre0a_dmtdecision@OData.Community.Display.V1.FormattedValue']",
              "item/crccb_dmtsummary": "@outputs('Get_changed_row')?['body/cre0a_dmtsummary']",
              "item/crccb_dnrdate": "@outputs('Get_changed_row')?['body/crccb_dnrdate']",
              "item/crccb_eolwishes": "@outputs('Get_changed_row')?['body/crccb_eolwishes@OData.Community.Display.V1.FormattedValue']",
              "item/crccb_equipmentavail": "@outputs('Get_changed_row')?['body/crccb_equipmentprovided']",
              "item/crccb_existingcarepackage": "@outputs('Get_changed_row')?['body/cre0a_existingcarepackage']",
              "item/crccb_fallsrisk": "@outputs('Get_changed_row')?['body/cre0a_fallsrisk']",
              "item/crccb_fallsriskreason": "@outputs('Get_changed_row')?['body/cre0a_fallriskreason']",
              "item/crccb_homefood": "@outputs('Get_changed_row')?['body/cre0a_homefood']",
              "item/crccb_homefooddetail": "@outputs('Get_changed_row')?['body/cre0a_homefooddetail']",
              "item/crccb_homemeds": "@outputs('Get_changed_row')?['body/cre0a_homemeds@OData.Community.Display.V1.FormattedValue']",
              "item/crccb_homemedssupport": "@outputs('Get_changed_row')?['body/cre0a_homemedssupport@OData.Community.Display.V1.FormattedValue']",
              "item/crccb_homesupport": "@outputs('Get_changed_row')?['body/cre0a_homesupport@OData.Community.Display.V1.FormattedValue']",
              "item/crccb_infectioncontrolrisk": "@outputs('Get_changed_row')?['body/cre0a_infectioncontrolrisk']",
              "item/crccb_infectionriskdetail": "@outputs('Get_changed_row')?['body/cre0a_infectionriskdetail']",
              "item/crccb_informalsupportdetail": "@outputs('Get_changed_row')?['body/cre0a_homecarer']",
              "item/crccb_integratedteamcaseload": "@outputs('Get_changed_row')?['body/cre0a_integratedteamcaseload']",
              "item/crccb_justincasemeds": "@outputs('Get_changed_row')?['body/cre0a_justincasemeds']",
              "item/crccb_knowncognitiveissues": "@outputs('Get_changed_row')?['body/cre0a_knowncognitiveissues']",
              "item/crccb_knowntocommunity": "@outputs('Get_changed_row')?['body/cre0a_knowntocommunity']",
              "item/crccb_legalproxycontact": "@outputs('Get_changed_row')?['body/cre0a_legalproxycontact']",
              "item/crccb_lifeexpectancy": "@outputs('Get_changed_row')?['body/cre0a_lifeexpectancy@OData.Community.Display.V1.FormattedValue']",
              "item/crccb_medicalhistory": "@outputs('Get_changed_row')?['body/crccb_medicalhistory']",
              "item/crccb_medssupportdetail": "@outputs('Get_changed_row')?['body/cre0a_medssupport']",
              "item/crccb_mobilityaidsused": "@outputs('Get_changed_row')?['body/cre0a_mobilityaidsused@OData.Community.Display.V1.FormattedValue']",
              "item/crccb_mobilitycomments": "@outputs('Get_changed_row')?['body/crccb_mobilitycomments']",
              "item/crccb_mobilitylevel": "@outputs('Get_changed_row')?['body/cre0a_mobility@OData.Community.Display.V1.FormattedValue']",
              "item/crccb_newequipment": "@outputs('Get_changed_row')?['body/crccb_newequipment']",
              "item/crccb_otherinfoacute": "@outputs('Get_changed_row')?['body/crccb_otherinfoacute']",
              "item/crccb_otherinfocommunity": "@outputs('Get_changed_row')?['body/crccb_otherinfocommunity']",
              "item/crccb_overnightneeds": "@outputs('Get_changed_row')?['body/cre0a_overnightneeds@OData.Community.Display.V1.FormattedValue']",
              "item/crccb_packagefunding": "@outputs('Get_changed_row')?['body/cre0a_packagefunding@OData.Community.Display.V1.FormattedValue']",
              "item/crccb_palliativeawareness": "@outputs('Get_changed_row')?['body/cre0a_palliativeawareness']",
              "item/crccb_palliativeplanupdated": "@outputs('Get_changed_row')?['body/cre0a_palliativeplanupdated']",
              "item/crccb_pathway": "@outputs('Get_changed_row')?['body/cre0a_pathway']",
              "item/crccb_patientname": "@outputs('Get_changed_row')?['body/cre0a_name']",
              "item/crccb_patientnok": "@outputs('Get_changed_row')?['body/cre0a_patientnok']",
              "item/crccb_patientnokphone": "@outputs('Get_changed_row')?['body/cre0a_patientnokphone']",
              "item/crccb_patienttableid": "@outputs('Get_changed_row')?['body/cre0a_patientid']",
              "item/crccb_pdd": "@outputs('Get_changed_row')?['body/cre0a_pdd']",
              "item/crccb_plannedtransporttime": "@outputs('Get_changed_row')?['body/cre0a_plannedtransporttime']",
              "item/crccb_poa": "@outputs('Get_changed_row')?['body/cre0a_poa@OData.Community.Display.V1.FormattedValue']",
              "item/crccb_postcode": "@outputs('Get_changed_row')?['body/cre0a_postcode']",
              "item/overriddencreatedon": "@outputs('Get_changed_row')?['body/modifiedon']",
              "item/crccb_rehabilitationgoals": "@outputs('Get_changed_row')?['body/cre0a_rehabilitationgoals']",
              "item/crccb_s47awi": "@outputs('Get_changed_row')?['body/cre0a_s47awi']",
              "item/crccb_s47awiexpiry": "@outputs('Get_changed_row')?['body/cre0a_s47awiexpiry']",
              "item/crccb_scheduledmeds": "@outputs('Get_changed_row')?['body/cre0a_scheduledmeds@OData.Community.Display.V1.FormattedValue']",
              "item/crccb_shoofarranged": "@outputs('Get_changed_row')?['body/cre0a_shoofarranged']",
              "item/cre0a_submitteremail": "@outputs('Get_modifying_user')?['body/internalemailaddress']",
              "item/crccb_syringedriver": "@outputs('Get_changed_row')?['body/cre0a_syringedriver']",
              "item/crccb_teamschatthread": "@outputs('Get_changed_row')?['body/cre0a_chatthread']",
              "item/crccb_toiletcomments": "@outputs('Get_changed_row')?['body/crccb_toiletcomments']",
              "item/crccb_toiletsupport": "@outputs('Get_changed_row')?['body/crccb_toiletsupport@OData.Community.Display.V1.FormattedValue']",
              "item/crccb_toileting": "@outputs('Get_changed_row')?['body/cre0a_toileting']",
              "item/crccb_transferaids": "@outputs('Get_changed_row')?['body/cre0a_transferaids@OData.Community.Display.V1.FormattedValue']",
              "item/crccb_transfers": "@outputs('Get_changed_row')?['body/cre0a_transfers@OData.Community.Display.V1.FormattedValue']",
              "item/crccb_viabledischargedate": "@outputs('Get_changed_row')?['body/cre0a_viabledischargedate']",
              "item/crccb_whichcaseloads": "@outputs('Get_changed_row')?['body/crccb_whichcaseloads@OData.Community.Display.V1.FormattedValue']",
              "item/crccb_woundcare": "@outputs('Get_changed_row')?['body/cre0a_woundcare']"
            },
            "authentication": "@parameters('$authentication')"
          }
        }
      }
    },
    "templateName": ""
  },
  "schemaVersion": "1.0.0.0"
}