<ImportExportXml version="9.2.23072.170" SolutionPackageVersion="9.2" languagecode="1033" generatedBy="CrmLive" xmlns:xsi="http://www.w3.org/2001/XMLSchema-instance">
  <SolutionManifest>
    <UniqueName>DWDCoordination</UniqueName>
    <LocalizedNames>
      <LocalizedName description="DWD Coordination" languagecode="1033" />
    </LocalizedNames>
    <Descriptions />
    <Version>1.0.3</Version>
    <Managed>0</Managed>
    <Publisher>
      <UniqueName>Cr02ad0</UniqueName>
      <LocalizedNames>
        <LocalizedName description="CDS Default Publisher" languagecode="1033" />
      </LocalizedNames>
      <Descriptions />
      <EMailAddress xsi:nil="true"></EMailAddress>
      <SupportingWebsiteUrl xsi:nil="true"></SupportingWebsiteUrl>
      <CustomizationPrefix>crccb</CustomizationPrefix>
      <CustomizationOptionValuePrefix>16276</CustomizationOptionValuePrefix>
    </Publisher>
    <RootComponents>
      <RootComponent type="1" schemaName="crccb_userpreference" behavior="0" />
      <RootComponent type="1" schemaName="cre0a_district" behavior="0" />
      <RootComponent type="1" schemaName="cre0a_dwdaudit" behavior="0" />
      <RootComponent type="1" schemaName="cre0a_hospital" behavior="0" />
      <RootComponent type="1" schemaName="cre0a_patient" behavior="0" />
      <RootComponent type="1" schemaName="cre0a_ward" behavior="0" />
      <RootComponent type="29" id="{0ce6ed68-97b9-ed11-b596-002248077bd7}" behavior="0" />
      <RootComponent type="29" id="{187ffd28-d8b8-ed11-b596-002248077bd7}" behavior="0" />
      <RootComponent type="29" id="{601200fd-20b4-ed11-83fe-00224842b6ce}" behavior="0" />
      <RootComponent type="29" id="{6055db03-53b5-ed11-b596-002248077bd7}" behavior="0" />
      <RootComponent type="29" id="{81103e89-85b6-ed11-b596-002248077bd7}" behavior="0" />
      <RootComponent type="29" id="{abf5c3ad-cde4-ed11-8846-6045bdc1e9d1}" behavior="0" />
      <RootComponent type="300" schemaName="cre0a_dischargecoordination_648ab" behavior="0" />
    </RootComponents>
    <MissingDependencies>
      <MissingDependency>
        <Required type="1" schemaName="aaduser" displayName="AAD User" solution="MetadataExtension (1.0.2.55)" />
        <Dependent type="300" schemaName="cre0a_dischargecoordination_648ab" displayName="Discharge Coordination" />
      </MissingDependency>
    </MissingDependencies>
  </SolutionManifest>
</ImportExportXml>