{
  "properties": {
    "connectionReferences": {
      "shared_commondataserviceforapps": {
        "impersonation": {},
        "runtimeSource": "embedded",
        "connection": {},
        "api": {
          "name": "shared_commondataserviceforapps"
        }
      }
    },
    "definition": {
      "$schema": "https://schema.management.azure.com/providers/Microsoft.Logic/schemas/2016-06-01/workflowdefinition.json#",
      "contentVersion": "1.0.0.0",
      "parameters": {
        "$connections": {
          "defaultValue": {},
          "type": "Object"
        },
        "$authentication": {
          "defaultValue": {},
          "type": "SecureObject"
        }
      },
      "triggers": {
        "Recurrence": {
          "recurrence": {
            "frequency": "Day",
            "interval": 1,
            "startTime": "2023-02-26T08:00:00Z"
          },
          "metadata": {
            "operationMetadataId": "be060519-193a-46fe-9f3a-a3d62bd2d00a"
          },
          "type": "Recurrence"
        }
      },
      "actions": {
        "get_patients": {
          "runAfter": {},
          "metadata": {
            "operationMetadataId": "cd0bc31f-baac-4738-94d5-5873580627e8"
          },
          "type": "OpenApiConnection",
          "inputs": {
            "host": {
              "apiId": "/providers/Microsoft.PowerApps/apis/shared_commondataserviceforapps",
              "connectionName": "shared_commondataserviceforapps",
              "operationId": "ListRecords"
            },
            "parameters": {
              "entityName": "cre0a_patients",
              "$filter": "cre0a_pdd ne null"
            },
            "authentication": "@parameters('$authentication')"
          }
        },
        "Apply_to_each": {
          "foreach": "@outputs('get_patients')?['body/value']",
          "actions": {
            "if_Now_gt_PDD": {
              "actions": {
                "Set_DHD_to_Yes": {
                  "runAfter": {},
                  "metadata": {
                    "operationMetadataId": "fedc7778-2c47-4df5-8eca-480c58b7a78b"
                  },
                  "type": "OpenApiConnection",
                  "inputs": {
                    "host": {
                      "apiId": "/providers/Microsoft.PowerApps/apis/shared_commondataserviceforapps",
                      "connectionName": "shared_commondataserviceforapps",
                      "operationId": "UpdateRecord"
                    },
                    "parameters": {
                      "entityName": "cre0a_patients",
                      "recordId": "@items('Apply_to_each')?['cre0a_patientid']",
                      "item/cre0a_dhd": true
                    },
                    "authentication": "@parameters('$authentication')"
                  }
                }
              },
              "runAfter": {},
              "expression": {
                "greater": [
                  "@utcNow()",
                  "@items('Apply_to_each')?['cre0a_pdd']"
                ]
              },
              "metadata": {
                "operationMetadataId": "d459101f-6456-4de4-92e7-3324a1f1ed27"
              },
              "type": "If"
            }
          },
          "runAfter": {
            "get_patients": [
              "Succeeded"
            ]
          },
          "metadata": {
            "operationMetadataId": "ecfc92cc-3f58-4704-9809-fd94ecb811a5"
          },
          "type": "Foreach"
        }
      }
    },
    "templateName": null
  },
  "schemaVersion": "1.0.0.0"
}