{"name":"5df37fbe-be98-432b-b559-2f5e1bc59fee","id":"/providers/Microsoft.Flow/flows/5df37fbe-be98-432b-b559-2f5e1bc59fee","type":"Microsoft.Flow/flows","properties":{"apiId":"/providers/Microsoft.PowerApps/apis/shared_logicflows","displayName":"New patient","definition":{"metadata":{"workflowEntityId":null,"processAdvisorMetadata":null,"flowclientsuspensionreason":"None","flowclientsuspensiontime":null,"flowclientsuspensionreasondetails":null,"creator":{"id":"a45915e9-a502-488e-983a-7d9056ea371f","type":"User","tenantId":"c1cea889-a105-46e2-9be1-754043d7c84f"},"provisioningMethod":"FromDefinition","failureAlertSubscription":true,"clientLastModifiedTime":"2023-03-04T16:21:25.9836525Z"},"$schema":"https://schema.management.azure.com/providers/Microsoft.Logic/schemas/2016-06-01/workflowdefinition.json#","contentVersion":"1.0.0.0","parameters":{"$connections":{"defaultValue":{},"type":"Object"},"$authentication":{"defaultValue":{},"type":"SecureObject"}},"triggers":{"When_a_row_is_added,_modified_or_deleted":{"metadata":{"operationMetadataId":"125834a4-26d5-4080-99da-d0583f5ba6e5"},"type":"OpenApiConnectionWebhook","inputs":{"host":{"apiId":"/providers/Microsoft.PowerApps/apis/shared_commondataserviceforapps","connectionName":"shared_commondataserviceforapps","operationId":"SubscribeWebhookTrigger"},"parameters":{"subscriptionRequest/message":1,"subscriptionRequest/entityname":"cre0a_patient","subscriptionRequest/scope":4,"subscriptionRequest/runas":1},"authentication":"@parameters('$authentication')"}}},"actions":{"Get_District_row":{"runAfter":{},"metadata":{"operationMetadataId":"9de230b7-4015-43ea-b119-707a1a796bc4"},"type":"OpenApiConnection","inputs":{"host":{"apiId":"/providers/Microsoft.PowerApps/apis/shared_commondataserviceforapps","connectionName":"shared_commondataserviceforapps","operationId":"GetItem"},"parameters":{"entityName":"cre0a_districts","recordId":"@triggerOutputs()?['body/_cre0a_district_value']"},"authentication":"@parameters('$authentication')"}},"Get_consultant":{"runAfter":{"Get_ward_row":["Succeeded"]},"metadata":{"operationMetadataId":"2cef36e0-cb8d-484a-a713-a0f6961bea4d"},"type":"OpenApiConnection","inputs":{"host":{"apiId":"/providers/Microsoft.PowerApps/apis/shared_office365users","connectionName":"shared_office365users","operationId":"UserProfile_V2"},"parameters":{"id":"@triggerOutputs()?['body/_cre0a_consultant_value']"},"authentication":"@parameters('$authentication')"}},"Post_adaptive_card_in_a_chat_or_channel":{"runAfter":{"Get_consultant":["Succeeded"]},"metadata":{"operationMetadataId":"41de12f2-fc2e-4582-91f6-4ae2a1872345"},"type":"OpenApiConnection","inputs":{"host":{"apiId":"/providers/Microsoft.PowerApps/apis/shared_teams","connectionName":"shared_teams","operationId":"PostCardToConversation"},"parameters":{"poster":"Flow bot","location":"Channel","body/recipient/groupId":"52fa666a-e744-4291-a254-12feb4001685","body/recipient/channelId":"@outputs('Get_District_row')?['body/cre0a_channelid']","body/messageBody":"{\n    \"type\": \"AdaptiveCard\",\n    \"body\": [\n        {\n            \"type\": \"TextBlock\",\n            \"size\": \"Medium\",\n            \"weight\": \"Bolder\",\n            \"text\": \"New Patient: @{triggerOutputs()?['body/cre0a_name']}\"\n        },\n        {\n            \"type\": \"ColumnSet\",\n            \"columns\": [\n                {\n                    \"type\": \"Column\",\n                    \"items\": [\n                        {\n                            \"type\": \"Image\",\n                            \"style\": \"Person\",\n                            \"url\": \"https://m365x041811.sharepoint.com/SiteAssets/__sitelogo__NHS_Scotland.jpg\",\n                            \"size\": \"Small\"\n                        }\n                    ],\n                    \"width\": \"auto\"\n                },\n                {\n                    \"type\": \"Column\",\n                    \"items\": [\n                        {\n                            \"type\": \"TextBlock\",\n                            \"weight\": \"Bolder\",\n                            \"text\": \"Please begin evaluation\",\n                            \"wrap\": true,\n                            \"color\": \"Good\"\n                        },\n                        {\n                            \"type\": \"TextBlock\",\n                            \"spacing\": \"None\",\n                            \"text\": \"@{formatDateTime(utcNow(), 'g', 'en-GB')}\",\n                            \"isSubtle\": true,\n                            \"wrap\": true\n                        }\n                    ],\n                    \"width\": \"stretch\"\n                }\n            ]\n        },\n        {\n            \"type\": \"TextBlock\",\n            \"text\": \"Data will start flowing into this patient record as the Acute team gathers it. Please check back often for updates.\",\n            \"wrap\": true,\n            \"weight\": \"Bolder\"\n        },\n        {\n            \"type\": \"FactSet\",\n            \"facts\": [\n                {\n                    \"title\": \"Hospital and Ward\",\n                    \"value\": \"@{outputs('Get_Hospital_row')?['body/cre0a_name']}, Ward @{outputs('Get_ward_row')?['body/cre0a_name']}\"\n                },\n                {\n                    \"title\": \"Consultant\",\n                    \"value\": \"@{outputs('get_consultant')?['body/displayName']}\"\n                }\n            ]\n        }\n    ],\n    \"actions\": [\n        {\n            \"type\": \"Action.OpenUrl\",\n            \"title\": \"Open Discharge App\",\n            \"url\": \"@{outputs('Get_District_row')?['body/crccb_tablink']}\"\n        }\n    ],\n    \"$schema\": \"http://adaptivecards.io/schemas/adaptive-card.json\",\n    \"version\": \"1.4\"\n}"},"authentication":"@parameters('$authentication')"}},"Get_Hospital_row":{"runAfter":{"Get_District_row":["Succeeded"]},"metadata":{"operationMetadataId":"fa90ea51-beb8-4930-9797-e2fd815647de"},"type":"OpenApiConnection","inputs":{"host":{"apiId":"/providers/Microsoft.PowerApps/apis/shared_commondataserviceforapps","connectionName":"shared_commondataserviceforapps","operationId":"GetItem"},"parameters":{"entityName":"cre0a_hospitals","recordId":"@triggerOutputs()?['body/_cre0a_currenthospital_value']"},"authentication":"@parameters('$authentication')"}},"Get_ward_row":{"runAfter":{"Get_Hospital_row":["Succeeded"]},"metadata":{"operationMetadataId":"ba418a6c-2852-4c25-b92b-110e14cc50fb"},"type":"OpenApiConnection","inputs":{"host":{"apiId":"/providers/Microsoft.PowerApps/apis/shared_commondataserviceforapps","connectionName":"shared_commondataserviceforapps","operationId":"GetItem"},"parameters":{"entityName":"cre0a_wards","recordId":"@triggerOutputs()?['body/_cre0a_currentward_value']"},"authentication":"@parameters('$authentication')"}},"add_chat_thread":{"runAfter":{"Post_adaptive_card_in_a_chat_or_channel":["Succeeded"]},"metadata":{"operationMetadataId":"b52d8189-6574-4536-9216-8a150e98ccd2"},"type":"OpenApiConnection","inputs":{"host":{"apiId":"/providers/Microsoft.PowerApps/apis/shared_commondataserviceforapps","connectionName":"shared_commondataserviceforapps","operationId":"UpdateRecord"},"parameters":{"entityName":"cre0a_patients","recordId":"@triggerOutputs()?['body/cre0a_patientid']","item/cre0a_chatthread":"@outputs('Post_adaptive_card_in_a_chat_or_channel')?['body/messageLink']"},"authentication":"@parameters('$authentication')"}}}},"connectionReferences":{"shared_commondataserviceforapps":{"connectionName":"9c24e08bbb884b3dab78ea2158a2bf8a","source":"Embedded","id":"/providers/Microsoft.PowerApps/apis/shared_commondataserviceforapps","tier":"NotSpecified"},"shared_office365users":{"connectionName":"a0ba10ef4bd8401bb089c1951d7c9ff8","source":"Embedded","id":"/providers/Microsoft.PowerApps/apis/shared_office365users","tier":"NotSpecified"},"shared_teams":{"connectionName":"7ead67ea33c548289071addbb1b697b6","source":"Embedded","id":"/providers/Microsoft.PowerApps/apis/shared_teams","tier":"NotSpecified"}},"flowFailureAlertSubscribed":false,"isManaged":false}}